{
  "main": {
    "id": "f4e3ebaea6ed2d5b",
    "type": "split",
    "children": [
      {
        "id": "e75057ac0ba54899",
        "type": "tabs",
        "children": [
          {
            "id": "5cdc54e83cc33f64",
            "type": "leaf",
            "state": {
              "type": "markdown",
              "state": {
                "file": "100D Sparkles.md",
                "mode": "source",
                "source": false
              },
              "icon": "lucide-file",
              "title": "100D Sparkles"
            }
          }
        ]
      }
    ],
    "direction": "vertical"
  },
  "left": {
    "id": "1befdb0e1af53826",
    "type": "mobile-drawer",
    "children": [
      {
        "id": "773b1401bee95671",
        "type": "leaf",
        "state": {
          "type": "file-explorer",
          "state": {
            "sortOrder": "alphabetical",
            "autoReveal": false
          },
          "icon": "lucide-folder-closed",
          "title": "文件列表"
        }
      },
      {
        "id": "1a1715f51e2cbc9b",
        "type": "leaf",
        "state": {
          "type": "search",
          "state": {
            "query": "",
            "matchingCase": false,
            "explainSearch": false,
            "collapseAll": false,
            "extraContext": false,
            "sortOrder": "alphabetical"
          },
          "icon": "lucide-search",
          "title": "搜索"
        }
      },
      {
        "id": "30500a28dd152ac0",
        "type": "leaf",
        "state": {
          "type": "tag",
          "state": {
            "sortOrder": "frequency",
            "useHierarchy": true,
            "showSearch": false,
            "searchQuery": ""
          },
          "icon": "lucide-tags",
          "title": "标签"
        }
      },
      {
        "id": "b645293d1463398b",
        "type": "leaf",
        "state": {
          "type": "bookmarks",
          "state": {},
          "icon": "lucide-bookmark",
          "title": "书签"
        }
      }
    ],
    "currentTab": 0
  },
  "right": {
    "id": "a14d48238b2c4e1f",
    "type": "mobile-drawer",
    "children": [
      {
        "id": "97fa605092a23a5a",
        "type": "leaf",
        "state": {
          "type": "backlink",
          "state": {
            "file": "100D Sparkles.md",
            "collapseAll": false,
            "extraContext": false,
            "sortOrder": "alphabetical",
            "showSearch": false,
            "searchQuery": "",
            "backlinkCollapsed": false,
            "unlinkedCollapsed": true
          },
          "icon": "links-coming-in",
          "title": "反向链接"
        }
      },
      {
        "id": "29d387bea87ef96f",
        "type": "leaf",
        "state": {
          "type": "outgoing-link",
          "state": {
            "file": "100D Sparkles.md",
            "linksCollapsed": false,
            "unlinkedCollapsed": true
          },
          "icon": "links-going-out",
          "title": "出链"
        }
      },
      {
        "id": "6f0d1913454adcd1",
        "type": "leaf",
        "state": {
          "type": "outline",
          "state": {
            "file": "100D Sparkles.md",
            "followCursor": false,
            "showSearch": false,
            "searchQuery": ""
          },
          "icon": "lucide-list",
          "title": "大纲"
        }
      }
    ],
    "currentTab": 0
  },
  "left-ribbon": {
    "hiddenItems": {
      "switcher:打开快速切换": false,
      "graph:查看关系图谱": false,
      "canvas:新建白板": false,
      "daily-notes:打开/创建今天的日记": false,
      "templates:插入模板": false,
      "command-palette:打开命令面板": false
    }
  },
  "active": "773b1401bee95671",
  "lastOpenFiles": [
    "未命名",
    "100D Sparkles.md"
  ]
}