{
  "main": {
    "id": "36f31765d4f7bcc3",
    "type": "split",
    "children": [
      {
        "id": "96a18b66d7d19448",
        "type": "tabs",
        "children": [
          {
            "id": "ddeb7d8258b367b7",
            "type": "leaf",
            "state": {
              "type": "markdown",
              "state": {
                "file": "100D Sparkles.md",
                "mode": "source",
                "source": false
              },
              "icon": "lucide-file",
              "title": "100D Sparkles"
            }
          },
          {
            "id": "ce4f9e84b5c15f0d",
            "type": "leaf",
            "state": {
              "type": "empty",
              "state": {},
              "icon": "lucide-file",
              "title": "新标签页"
            }
          }
        ],
        "currentTab": 1
      }
    ],
    "direction": "vertical"
  },
  "left": {
    "id": "30d0e67e261f101b",
    "type": "mobile-drawer",
    "children": [
      {
        "id": "d361b2d986c6c99f",
        "type": "leaf",
        "state": {
          "type": "file-explorer",
          "state": {
            "sortOrder": "alphabetical",
            "autoReveal": true
          },
          "icon": "lucide-folder-closed",
          "title": "文件列表"
        }
      },
      {
        "id": "c142d5d54cbbe76c",
        "type": "leaf",
        "state": {
          "type": "search",
          "state": {
            "query": "",
            "matchingCase": false,
            "explainSearch": false,
            "collapseAll": false,
            "extraContext": false,
            "sortOrder": "alphabetical"
          },
          "icon": "lucide-search",
          "title": "搜索"
        }
      },
      {
        "id": "0c16ceb43257a4b4",
        "type": "leaf",
        "state": {
          "type": "tag",
          "state": {
            "sortOrder": "frequency",
            "useHierarchy": true,
            "showSearch": false,
            "searchQuery": ""
          },
          "icon": "lucide-tags",
          "title": "标签"
        }
      },
      {
        "id": "c48c7944ae72861d",
        "type": "leaf",
        "state": {
          "type": "bookmarks",
          "state": {},
          "icon": "lucide-bookmark",
          "title": "书签"
        }
      }
    ],
    "currentTab": 0
  },
  "right": {
    "id": "f1c66d10e1a04742",
    "type": "mobile-drawer",
    "children": [
      {
        "id": "ec1b483cc6cc639b",
        "type": "leaf",
        "state": {
          "type": "backlink",
          "state": {
            "collapseAll": false,
            "extraContext": false,
            "sortOrder": "alphabetical",
            "showSearch": false,
            "searchQuery": "",
            "backlinkCollapsed": false,
            "unlinkedCollapsed": true
          },
          "icon": "links-coming-in",
          "title": "反向链接"
        }
      },
      {
        "id": "76f8539c599dc35a",
        "type": "leaf",
        "state": {
          "type": "outgoing-link",
          "state": {
            "linksCollapsed": false,
            "unlinkedCollapsed": true
          },
          "icon": "links-going-out",
          "title": "出链"
        }
      },
      {
        "id": "2e20d862d45f201e",
        "type": "leaf",
        "state": {
          "type": "outline",
          "state": {
            "followCursor": false,
            "showSearch": false,
            "searchQuery": ""
          },
          "icon": "lucide-list",
          "title": "大纲"
        }
      }
    ],
    "currentTab": 0
  },
  "left-ribbon": {
    "hiddenItems": {
      "switcher:打开快速切换": false,
      "graph:查看关系图谱": false,
      "canvas:新建白板": false,
      "daily-notes:打开/创建今天的日记": false,
      "templates:插入模板": false,
      "command-palette:打开命令面板": false
    }
  },
  "active": "ce4f9e84b5c15f0d",
  "lastOpenFiles": [
    "100D/100D Sparkles.md",
    "100D Sparkles.md",
    "Add new file on Phone 2.md",
    "Add for Test_From PC.md",
    "Add for Tedt_From Phone.md",
    "Test Syncthing.md"
  ]
}