{
  "main": {
    "id": "a01d311f5de767c4",
    "type": "split",
    "children": [
      {
        "id": "354bd5a2a6521bf3",
        "type": "tabs",
        "children": [
          {
            "id": "ff9d52cce2e044b8",
            "type": "leaf",
            "state": {
              "type": "markdown",
              "state": {
                "file": "欢迎.md",
                "mode": "source",
                "source": false
              },
              "icon": "lucide-file",
              "title": "欢迎"
            }
          }
        ]
      },
      {
        "id": "316b47b3e75bdbd3",
        "type": "tabs",
        "children": [
          {
            "id": "89277488fa6acffb",
            "type": "leaf",
            "state": {
              "type": "graph",
              "state": {},
              "icon": "lucide-git-fork",
              "title": "关系图谱"
            }
          }
        ]
      }
    ],
    "direction": "vertical"
  },
  "left": {
    "id": "eff003bb038f16c9",
    "type": "split",
    "children": [
      {
        "id": "5c1ca840a295fa1d",
        "type": "tabs",
        "children": [
          {
            "id": "d9c47eff7412fa2c",
            "type": "leaf",
            "state": {
              "type": "file-explorer",
              "state": {
                "sortOrder": "alphabetical",
                "autoReveal": false
              },
              "icon": "lucide-folder-closed",
              "title": "文件列表"
            }
          },
          {
            "id": "e5efd369737f923c",
            "type": "leaf",
            "state": {
              "type": "search",
              "state": {
                "query": "",
                "matchingCase": false,
                "explainSearch": false,
                "collapseAll": false,
                "extraContext": false,
                "sortOrder": "alphabetical"
              },
              "icon": "lucide-search",
              "title": "搜索"
            }
          },
          {
            "id": "a1ee7ef04abe60d0",
            "type": "leaf",
            "state": {
              "type": "bookmarks",
              "state": {},
              "icon": "lucide-bookmark",
              "title": "书签"
            }
          }
        ]
      }
    ],
    "direction": "horizontal",
    "width": 300
  },
  "right": {
    "id": "e453eef4bc6e014b",
    "type": "split",
    "children": [
      {
        "id": "e0633aae9ce0fe39",
        "type": "tabs",
        "children": [
          {
            "id": "105fd20cf6e9a29d",
            "type": "leaf",
            "state": {
              "type": "backlink",
              "state": {
                "file": "欢迎.md",
                "collapseAll": false,
                "extraContext": false,
                "sortOrder": "alphabetical",
                "showSearch": false,
                "searchQuery": "",
                "backlinkCollapsed": false,
                "unlinkedCollapsed": true
              },
              "icon": "links-coming-in",
              "title": "欢迎 的反向链接列表"
            }
          },
          {
            "id": "85fcb4d91206c80e",
            "type": "leaf",
            "state": {
              "type": "outgoing-link",
              "state": {
                "file": "欢迎.md",
                "linksCollapsed": false,
                "unlinkedCollapsed": true
              },
              "icon": "links-going-out",
              "title": "欢迎 的出链列表"
            }
          },
          {
            "id": "773b87129e102d9f",
            "type": "leaf",
            "state": {
              "type": "tag",
              "state": {
                "sortOrder": "frequency",
                "useHierarchy": true,
                "showSearch": false,
                "searchQuery": ""
              },
              "icon": "lucide-tags",
              "title": "标签"
            }
          },
          {
            "id": "ec3af9a9cf31a746",
            "type": "leaf",
            "state": {
              "type": "outline",
              "state": {
                "file": "欢迎.md",
                "followCursor": false,
                "showSearch": false,
                "searchQuery": ""
              },
              "icon": "lucide-list",
              "title": "欢迎 的大纲"
            }
          }
        ]
      }
    ],
    "direction": "horizontal",
    "width": 300,
    "collapsed": true
  },
  "left-ribbon": {
    "hiddenItems": {
      "switcher:打开快速切换": false,
      "graph:查看关系图谱": false,
      "canvas:新建白板": false,
      "daily-notes:打开/创建今天的日记": false,
      "templates:插入模板": false,
      "command-palette:打开命令面板": false
    }
  },
  "active": "ff9d52cce2e044b8",
  "lastOpenFiles": [
    "欢迎.md"
  ]
}